"Bailieboro, Cavan Division",21,22,36,43,52,50,36,17,16,12,12,9,7,16,19
"Ballyjamesduff, Cavan Division",13,17,18,41,38,48,22,22,8,8,5,8,11,12,16
"Cootehill, Cavan Division",31,41,36,24,32,31,17,11,14,13,4,6,9,14,11
"Kingscourt, Cavan Division",10,13,17,25,27,27,15,12,10,11,7,13,5,9,9
"Mullagh, Cavan Division",4,0,5,18,15,14,6,8,8,6,5,5,5,1,3
"Shercock, Cavan Division",3,4,11,8,17,11,6,0,5,2,2,1,5,2,3
"Virginia, Cavan Division",23,22,36,32,42,42,28,21,22,25,26,21,15,19,14
"Ballyconnell, Cavan Division",8,7,14,28,45,24,19,16,12,14,9,8,9,5,10
"Belturbet, Cavan Division",15,18,34,37,49,23,18,15,15,3,7,3,11,13,12
"Blacklion, Cavan Division",0,0,0,5,1,6,0,0,0,0,0,0,0,1,0
"Dowra, Cavan Division",1,0,3,0,3,0,1,0,0,0,0,1,0,0,0
"Killeshandra, Cavan Division",2,3,4,6,6,3,3,3,3,4,1,1,2,3,2
"Swanlinbar, Cavan Division",0,0,1,8,5,1,1,0,3,0,1,1,0,2,0
"Arva, Cavan Division",25,27,22,31,24,18,20,27,24,15,10,3,10,7,8
"Ballinagh, Cavan Division",58,82,108,122,112,104,73,57,43,52,35,30,33,41,49
"Cavan, Cavan Division",64,80,104,112,114,92,87,53,38,31,39,55,52,33,41
"Kilnaleck, Cavan Division",0,1,1,1,1,3,3,4,2,4,2,2,2,3,2
"Clones, Monaghan Division",10,12,13,18,11,9,9,4,3,3,2,5,3,7,6
"Emyvale, Monaghan Division",15,19,8,18,25,10,11,4,8,7,8,6,10,12,11
"Monaghan, Monaghan Division",107,109,149,200,185,159,99,75,75,81,56,54,52,69,85
"Scotstown, Monaghan Division",12,24,23,33,14,12,15,9,5,12,13,7,14,14,10
"Ballybay, Monaghan Division",45,29,27,34,34,29,21,20,14,15,16,6,8,13,5
"Carrickmacross, Monaghan Division",12,11,11,21,12,27,12,13,9,5,5,4,3,12,4
"Castleblayney, Monaghan Division",140,166,188,229,218,176,122,94,85,65,59,59,49,71,86
"Rockcorry, Monaghan Division",7,4,9,7,12,12,7,5,11,4,3,1,4,5,4
"Ballintra, Donegal Division",3,3,9,15,9,8,13,6,4,9,3,5,5,7,11
"Ballyshannon, Donegal Division",19,28,30,29,35,25,20,24,11,8,10,5,6,8,14
"Bundoran, Donegal Division",22,26,38,26,48,21,21,19,12,19,13,13,12,16,14
"Donegal Town, Donegal Division",16,19,32,28,39,30,31,23,13,28,20,14,14,19,19
"Mountcharles, Donegal Division",5,2,7,10,8,3,7,7,4,4,6,3,4,0,4
"Na Cealla Beaga, Donegal Division",6,12,11,8,14,12,10,9,9,8,4,3,6,6,8
"Pettigo, Donegal Division",0,1,1,2,0,1,0,1,0,0,0,0,0,0,3
"Buncrana, Donegal Division",34,43,83,120,131,52,63,39,30,33,34,24,31,29,30
"Burnfoot, Donegal Division",11,5,20,22,39,34,23,12,12,16,9,13,8,17,11
"Carndonagh, Donegal Division",30,15,25,38,41,26,23,17,19,9,16,11,21,14,23
"Clonmany, Donegal Division",1,4,12,13,23,5,2,5,3,5,2,1,2,6,5
"Moville, Donegal Division",7,2,17,20,19,11,8,7,8,3,5,3,9,7,7
"Muff, Donegal Division",24,10,12,18,12,10,3,7,4,5,9,7,8,3,4
"Ballybofey, Donegal Division",28,21,26,45,52,52,37,29,29,15,28,30,24,22,31
"Carrigans, Donegal Division",5,2,4,10,8,6,4,3,3,6,3,5,1,2,3
"Castlefin, Donegal Division",7,4,5,6,8,4,6,3,9,3,5,12,3,7,6
"Convoy, Donegal Division",8,12,10,19,13,21,9,9,4,9,8,8,2,6,4
"Letterkenny, Donegal Division",127,126,127,222,215,209,157,109,87,100,83,64,97,108,78
"Lifford, Donegal Division",4,5,7,10,18,9,7,8,8,3,8,6,3,4,8
"Newtowncunningham, Donegal Division",13,6,7,14,19,16,11,6,3,5,5,7,7,5,7
"Raphoe, Donegal Division",16,9,11,22,20,8,5,2,6,4,7,2,7,6,8
"An Craoslach, Donegal Division",1,2,6,5,5,4,1,3,2,1,0,1,2,0,2
"An Fail Carrach, Donegal Division",7,11,14,22,34,29,2,12,4,8,4,9,6,8,7
"Carraig Airt, Donegal Division",5,6,3,6,12,9,6,6,4,5,6,6,7,7,8
"Dun Fionnachaid, Donegal Division",2,1,1,8,5,8,9,9,2,5,3,3,3,2,7
"Kerrykeel, Donegal Division",4,4,10,5,9,12,9,10,4,5,2,1,6,4,11
"Kilmacrennan, Donegal Division",12,6,15,22,13,18,15,12,11,8,8,14,8,5,15
"Milford, Co Donegal, Donegal Division",9,13,6,15,8,8,12,9,8,2,4,2,4,7,6
"Ramelton, Donegal Division",8,5,7,13,13,11,3,6,5,9,2,7,6,9,11
"Rathmullen, Donegal Division",2,2,2,1,1,3,0,3,4,2,0,2,3,2,1
"Ailt an Chorraiin, Donegal Division",3,3,1,2,12,8,5,5,2,3,1,2,1,3,3
"An Bun Beag, Donegal Division",16,24,15,25,25,20,24,13,15,15,5,5,5,7,3
"An Charraig, Donegal Division",5,0,3,8,6,8,6,4,5,3,1,1,0,0,1
"An Clochain Liath, Donegal Division",17,9,9,14,21,28,14,5,6,6,5,7,4,5,7
"Ard an Raitha, Donegal Division",6,3,8,11,12,10,7,5,3,2,2,1,1,12,5
"Clogher, Donegal Division",3,3,4,4,7,4,3,4,3,2,1,0,2,0,1
"Na Gleannta, Donegal Division",10,9,7,6,20,9,11,3,6,2,2,2,2,3,6
"Ballymote, Sligo Division",12,14,17,30,13,20,19,10,7,4,7,8,4,7,8
"Enniscrone, Sligo Division",17,14,12,20,14,6,15,10,9,7,6,10,8,4,5
"Gurteen, Leitrim Division",4,6,4,2,7,2,7,2,2,3,1,1,3,3,1
"Riverstown, Sligo Division",7,7,5,10,5,4,7,8,9,3,5,5,5,3,1
"Tubbercurry, Sligo Division",4,12,10,16,17,10,17,9,9,5,2,8,13,5,15
"Ballinamore, Leitrim Division",3,4,14,11,11,8,7,8,2,3,2,2,1,2,8
"Carrick-On-Shannon, Leitrim Division",39,46,49,72,77,85,47,34,30,30,21,33,25,23,27
"Carrigallen, Leitrim Division",1,1,2,7,10,8,2,0,1,0,2,0,0,2,0
"Drumshambo, Leitrim Division",13,9,11,15,13,7,8,3,4,0,3,2,1,1,0
"Kinlough, Leitrim Division",3,2,1,7,5,6,8,1,2,3,4,3,4,3,3
"Manorhamilton, Leitrim Division",13,7,18,21,21,18,10,9,12,9,4,8,5,3,2
"Mohill, Leitrim Division",14,13,22,34,20,19,13,8,8,8,3,15,6,4,10
"Collooney, Sligo Division",5,12,18,23,19,17,23,13,20,13,13,7,10,8,12
"Coolaney, Sligo Division",0,0,2,2,2,2,4,4,1,3,1,2,1,1,1
"Grange, Sligo Division",9,7,3,14,20,6,4,13,1,4,7,3,5,3,6
"Rosses Point, Sligo Division",5,5,5,7,9,3,2,5,5,2,3,3,0,0,1
"Skreen, Sligo Division",3,2,1,2,0,1,5,2,0,1,1,0,3,0,0
"Sligo, Sligo Division",65,85,82,183,194,155,131,79,74,62,47,44,46,69,83
"Ardee, Louth Division",22,25,13,15,16,33,29,23,17,13,11,19,12,20,17
"Castlebellingham, Louth Division",10,5,10,21,25,15,7,10,8,5,7,11,6,11,10
"Collon, Louth Division",6,4,5,5,4,3,2,3,2,2,2,3,2,4,2
"Louth, Louth Division",3,6,1,5,6,5,7,6,1,5,4,5,4,2,2
"Clogherhead, Louth Division",3,2,4,4,4,4,4,3,5,2,2,4,1,1,1
"Drogheda, Louth Division",171,160,212,225,288,261,189,120,107,78,56,50,49,51,47
"Dunleer, Louth Division",9,8,19,22,23,6,12,12,5,7,4,6,3,8,6
"Blackrock, Co Louth, Louth Division",22,15,10,21,8,19,11,10,4,4,4,7,6,4,2
"Carlingford, Louth Division",2,6,8,7,8,9,8,9,3,6,3,4,4,4,3
"Drumad, Louth Division",15,14,6,7,12,9,8,3,6,2,2,4,6,4,4
"Dundalk, Louth Division",203,154,210,296,270,284,288,173,140,90,58,70,64,91,99
"Hackballscross, Louth Division",5,2,4,16,8,8,11,7,1,7,4,1,1,3,4
"Omeath, Louth Division",1,4,2,4,7,0,3,3,5,1,3,0,1,3,0
"Crusheen, Clare Division",3,4,3,6,4,6,2,0,4,4,2,4,0,3,1
"Ennis, Clare Division",73,125,131,200,222,202,153,112,100,71,74,78,82,97,67
"Killaloe, Clare Division",11,15,23,39,49,44,31,23,33,27,7,15,14,16,17
"Newmarket on Fergus, Clare Division",6,5,5,13,11,11,11,7,5,2,5,4,2,4,5
"Scariff, Clare Division",4,6,5,8,15,19,8,8,4,8,7,10,7,4,4
"Shannon, Clare Division",26,36,50,56,67,75,64,37,30,23,27,27,19,24,25
"Sixmilebridge, Clare Division",7,3,11,22,19,23,9,6,19,9,4,5,4,6,3
"Tulla, Clare Division",5,6,3,3,5,10,8,5,3,2,0,6,1,0,0
"Ballyvaughan, Clare Division",0,0,0,1,0,3,3,1,0,1,0,1,0,2,0
"Corofin Co. Clare, Clare Division",3,1,1,9,5,7,4,3,1,4,5,3,1,2,1
"Ennistymon, Clare Division",13,14,14,44,33,33,18,27,17,14,17,26,15,8,13
"Kildysart, Clare Division",3,1,2,7,5,1,1,1,1,2,1,0,1,0,3
"Kilkee, Clare Division",15,10,17,26,42,21,23,19,5,7,6,11,8,6,10
"Kilmihil , Clare Division",5,5,9,11,10,7,6,6,4,3,5,4,4,2,5
"Kilrush, Clare Division",13,16,17,25,31,14,25,24,15,8,9,10,8,12,19
"Lisdoonvarna, Clare Division",11,6,3,10,20,5,5,4,2,2,3,5,4,6,10
"Miltown Malbay, Clare Division",8,10,3,8,13,16,4,8,5,5,6,4,5,8,9
"Ballycroy, Mayo Division",2,2,2,4,1,1,0,0,0,0,1,0,1,0,1
"Bangor Erris, Mayo Division",10,4,7,5,5,5,4,7,3,1,1,5,3,3,2
"BÈal an Mhuirthead, Mayo Division",14,14,16,19,12,25,22,14,10,14,7,13,16,10,11
"Gleann na Muaidhe, Mayo Division",6,2,5,1,2,2,3,0,0,0,0,1,1,1,2
"Ballina, Mayo Division",76,37,51,92,88,86,68,45,32,28,24,19,37,29,45
"Bonniconlon, Mayo Division",3,2,2,3,1,3,2,3,4,0,1,1,0,0,0
"Crossmolina, Mayo Division",18,16,15,13,13,15,10,3,2,9,2,3,7,2,8
"Killala, Mayo Division",16,9,7,3,8,5,4,3,4,5,1,7,7,5,6
"Balla, Mayo Division",10,5,5,10,8,9,4,4,3,0,2,2,2,2,4
"Castlebar, Mayo Division",66,61,50,93,86,87,59,54,49,46,42,47,38,44,48
"Partry, Mayo Division",14,3,6,6,3,5,6,5,3,8,2,3,4,6,4
"Ballindine, Mayo Division",7,4,9,8,5,3,3,1,4,4,1,2,0,2,1
"Ballinrobe, Mayo Division",12,18,18,25,14,16,13,11,19,7,9,11,3,6,9
"Claremorris, Mayo Division",22,13,18,43,45,35,47,27,25,17,19,12,10,13,21
"Cong, Mayo Division",7,9,4,5,5,4,0,0,6,1,1,0,2,0,2
"Kilmaine, Mayo Division",4,4,4,5,2,3,0,1,1,1,4,0,4,0,0
"Knock, Mayo Division",5,5,9,7,9,6,4,3,6,1,3,1,3,3,1
"Shrule, Mayo Division",3,4,3,6,3,5,2,6,2,4,1,1,3,0,1
"Ballyhaunis, Mayo Division",19,16,14,14,21,18,12,10,7,8,8,8,5,6,9
"Charlestown, Mayo Division",19,9,18,12,14,6,10,10,6,4,8,4,4,8,7
"Foxford, Mayo Division",15,16,11,10,10,15,8,10,5,4,4,5,6,6,5
"Kilkelly, Mayo Division",8,8,3,8,3,3,4,1,3,1,2,2,1,3,3
"Kiltimagh, Mayo Division",9,5,7,4,6,6,3,7,4,2,2,2,0,5,1
"Swinford, Mayo Division",15,27,7,15,16,17,15,4,8,8,4,5,7,9,9
"Gob an Choire, Mayo Division",6,4,5,7,8,7,2,2,0,4,1,0,1,1,2
"Keel, Mayo Division",12,5,3,6,2,2,0,0,1,0,0,0,0,0,1
"Louisburgh, Mayo Division",9,3,7,4,9,8,5,0,0,0,0,1,2,3,1
"Newport, Co Mayo, Mayo Division",11,4,6,7,4,6,5,5,7,3,1,2,2,3,4
"Westport, Mayo Division",38,25,55,55,47,63,50,40,21,26,24,25,18,33,41
"Ahascragh, Galway Division",0,5,7,7,3,7,4,3,2,5,3,3,1,5,2
"Ballinasloe, Galway Division",36,40,35,51,44,69,49,49,30,20,23,21,26,29,21
"Ballygar, Galway Division",1,4,5,6,5,2,2,1,0,1,2,3,0,1,1
"Creggs, Galway Division",3,1,2,3,2,5,0,1,0,0,1,1,0,1,0
"Kilconnell, Galway Division",1,1,3,1,3,1,1,5,1,1,2,2,3,2,0
"Kiltormer, Galway Division",2,2,3,6,4,5,0,2,2,2,3,2,1,1,3
"Mountbellew, Galway Division",14,6,5,19,8,7,7,10,9,6,3,9,6,3,6
"Moylough, Galway Division",1,3,4,8,2,2,4,2,2,3,2,3,2,2,1
"An Maim, Galway Division",0,3,0,0,4,3,4,3,4,3,4,4,8,1,6
"Carna, Galway Division",1,1,2,4,5,6,4,7,4,0,4,4,1,2,3
"Clifden, Galway Division",12,21,25,24,28,14,19,20,15,10,2,14,8,13,11
"Cloch na Ron, Galway Division",1,2,1,3,3,0,2,2,1,0,1,1,1,0,1
"Letterfrack, Galway Division",3,10,8,8,8,8,10,4,4,5,3,6,2,4,5
"Sraith Salach, Galway Division",2,3,3,1,2,1,2,3,1,1,0,1,1,2,4
"Aran More, Galway Division",18,15,35,51,61,46,44,28,28,35,29,44,36,30,28
"Athenry, Galway Division",8,10,9,13,20,11,16,23,16,10,13,19,11,11,14
"Gaillimh, Galway Division",216,247,251,312,310,302,237,186,159,142,165,167,149,161,165
"Leach Seoirse, Galway Division",18,25,17,28,20,27,24,23,19,16,10,30,25,15,19
"Monivea, Galway Division",2,1,3,1,3,0,6,2,2,1,3,1,3,4,2
"Ardrahan, Galway Division",9,3,7,10,5,2,4,1,4,5,0,2,5,7,5
"Craughwell, Galway Division",5,13,10,22,19,13,15,6,3,6,9,6,13,10,4
"Gort, Galway Division",10,23,27,46,62,60,44,25,28,22,19,12,22,25,18
"Kinvara, Galway Division",5,9,3,10,6,4,3,3,6,9,2,2,2,6,3
"Eyrecourt, Galway Division",2,1,2,3,4,4,2,3,2,0,0,0,1,2,0
"Killimor, Galway Division",0,3,6,11,6,8,10,6,3,2,2,2,2,2,3
"Kilrickle, Galway Division",10,6,3,9,5,13,9,9,1,4,0,3,1,1,4
"Loughrea, Galway Division",31,27,34,61,65,68,45,42,23,17,19,11,27,12,31
"Portumna, Galway Division",3,9,9,13,12,11,3,1,2,4,3,5,4,3,6
"Woodford, Galway Division",5,2,5,1,2,5,3,2,3,1,2,1,2,0,1
"An Cheathru Rua, Galway Division",4,2,5,5,14,17,12,16,4,10,12,3,8,4,3
"An Spideal, Galway Division",9,6,2,21,8,3,5,6,6,4,5,4,1,4,2
"Bothar Na Tra, Galway Division",39,52,66,93,96,89,58,49,51,32,35,30,31,36,30
"Cill Ronain, Galway Division",2,0,2,2,1,2,0,2,1,0,0,0,2,2,0
"Indreabhain, Galway Division",1,2,8,11,12,4,11,8,6,4,14,3,6,11,5
"Leitir Mor, Galway Division",2,1,0,6,2,2,2,8,1,2,3,1,3,1,4
"Maigh Cuilinn, Galway Division",5,1,5,6,11,5,4,7,4,1,3,3,7,3,5
"Oughterard, Galway Division",2,3,6,7,4,8,2,4,5,2,3,3,3,2,5
"Ros Muc, Galway Division",2,0,3,3,0,0,0,1,1,1,0,0,0,0,2
"Barnaderg, Galway Division",9,2,5,9,8,5,7,3,1,4,1,2,3,2,2
"Corofin Co. Galway, Galway Division",7,7,5,8,7,2,7,5,6,6,6,6,6,4,1
"Dunmore, Galway Division",11,5,4,2,3,1,3,2,5,1,5,5,3,1,2
"Glenamaddy, Galway Division",3,2,3,4,4,2,6,4,1,2,2,4,1,1,4
"Headford, Galway Division",3,7,3,15,10,3,3,5,4,6,11,10,4,6,4
"Milltown, Galway Division",3,2,5,6,2,5,7,4,5,4,0,5,3,3,5
"Tuam, Galway Division",49,37,51,55,83,52,48,43,27,27,31,28,30,27,39
"Williamstown, Galway Division",9,5,5,4,4,7,0,3,1,3,1,1,4,1,0
"Boyle, Roscommon Division",17,12,27,17,24,18,9,10,1,15,6,3,4,2,4
"Elphin, Roscommon Division",5,4,3,7,4,1,4,3,1,1,3,1,0,1,4
"Keadue, Roscommon Division",0,1,1,4,1,1,3,0,1,2,1,0,2,2,4
"Roosky, Roscommon Division",7,4,6,13,10,5,4,6,3,2,1,1,0,2,2
"Strokestown, Roscommon Division",8,4,5,14,13,4,7,1,5,4,4,3,3,1,3
"Ballaghderreen, Roscommon Division",20,21,15,26,26,18,9,14,16,10,5,4,8,8,8
"Ballinlough, Roscommon Division",4,1,5,7,11,8,4,4,2,4,8,3,1,1,2
"Castlerea, Roscommon Division",8,9,12,15,21,29,14,16,15,9,7,8,13,6,10
"Frenchpark, Roscommon Division",4,3,4,7,8,8,7,3,7,1,2,0,2,1,1
"Tulsk, Roscommon Division",2,3,2,2,4,5,3,2,7,4,1,1,1,3,4
"Drumlish, Longford Division",3,2,6,4,8,10,5,10,5,6,4,8,4,2,6
"Edgeworthstown, Longford Division",19,9,19,15,12,17,16,16,9,13,19,12,10,13,24
"Granard, Longford Division",15,12,9,21,23,24,21,15,13,10,10,9,14,9,7
"Smear, Longford Division",7,1,0,2,4,2,0,0,2,1,1,4,4,6,1
"Kenagh, Longford Division",1,5,1,3,1,2,5,5,3,1,4,3,3,3,2
"Lanesboro, Longford Division",4,8,3,12,7,7,4,2,2,3,1,2,6,4,3
"Longford, Longford Division",50,66,99,129,122,107,77,70,53,41,49,47,35,51,67
"Ballymahon, Longford Division",6,3,7,6,13,23,6,9,4,2,5,8,13,11,13
"Athleague, Roscommon Division",4,4,10,3,3,9,5,2,3,3,4,2,2,6,7
"Clonark, Roscommon Division",7,10,6,10,11,9,1,2,4,8,2,2,3,2,7
"Roscommon, Roscommon Division",35,40,48,68,74,58,47,33,30,37,43,37,28,24,29
"Taughmaconnell, Roscommon Division",2,0,2,3,1,2,2,0,1,1,0,1,1,0,2
"Mayfield, Cork City Division",39,41,39,68,72,67,40,28,39,30,30,37,32,32,38
"Anglesea Street, Cork City Division",130,125,174,209,171,141,111,100,95,102,49,32,45,50,49
"Blackrock, Co Cork, Cork City Division",31,38,44,54,68,62,25,18,19,24,27,26,19,16,20
"Bridewell Cork, Cork City Division",59,46,64,64,56,51,28,28,33,21,27,40,32,45,44
"Ballincollig, Cork City Division",45,47,51,78,64,54,42,26,41,30,38,30,16,23,27
"Blarney, Cork City Division",27,31,21,37,32,27,21,36,15,15,8,18,20,17,20
"Gurranabraher, Cork City Division",64,59,79,102,100,105,76,58,58,44,27,36,36,37,37
"Watercourse Road, Cork City Division",74,95,104,143,170,172,116,107,108,98,46,45,36,33,46
"Bishopstown, Cork City Division",27,40,55,66,58,64,27,32,21,35,25,19,27,14,16
"Carrigaline, Cork City Division",14,33,44,55,52,36,41,39,31,21,18,15,24,24,14
"Crosshaven, Cork City Division",6,4,7,9,8,12,9,5,6,11,3,4,2,4,4
"Douglas, Cork City Division",71,75,94,108,67,76,54,43,42,29,43,23,19,20,21
"Passage West, Cork City Division",4,10,11,15,15,14,11,4,8,6,3,3,6,7,4
"Togher, Cork City Division",40,70,65,90,70,70,47,48,32,26,38,31,18,16,29
"Carrigtwohill, Cork North Division",21,8,17,35,42,34,20,27,11,10,16,16,10,16,19
"Cobh, Cork North Division",40,42,35,57,57,40,40,29,21,24,20,15,16,12,19
"Glanmire, Cork City Division",30,31,35,42,40,46,32,31,31,21,21,14,11,16,15
"Watergrasshill, Cork North Division",1,4,4,7,9,6,9,5,6,3,9,7,8,10,10
"Ballynoe, Cork North Division",6,7,5,3,1,5,5,0,2,3,3,2,2,1,5
"Castletownroche, Cork North Division",2,8,9,12,6,1,2,7,7,1,3,3,6,2,6
"Fermoy, Cork North Division",31,43,51,83,90,54,51,38,36,32,30,21,21,40,26
"Kildorrery, Cork North Division",2,3,3,4,5,6,7,10,1,4,2,7,6,4,4
"Kilworth, Cork North Division",4,5,7,6,8,9,3,2,5,2,3,3,2,3,2
"Mitchelstown, Cork North Division",27,28,15,27,21,22,34,18,20,16,8,25,21,21,26
"Rathcormac, Co Cork, Cork North Division",10,10,4,13,16,21,16,13,10,10,8,6,5,5,8
"Buttevant, Cork North Division",9,9,10,15,15,17,17,14,6,8,5,5,3,6,7
"Charleville, Cork North Division",16,32,24,14,39,47,34,27,22,17,23,26,13,20,17
"Doneraile, Cork North Division",5,5,3,3,4,4,10,6,6,3,5,2,2,8,5
"Glantaine, Cork North Division",2,2,4,8,10,9,3,5,1,7,4,5,3,10,7
"Liscarroll, Cork North Division",2,1,0,7,3,4,1,2,0,2,1,1,1,1,5
"Mallow, Cork North Division",39,58,66,95,121,117,87,69,62,40,30,50,53,53,49
"Milford, Co Cork, Cork North Division",4,3,3,2,2,0,6,2,1,4,1,2,3,2,0
"Ballycotton, Cork North Division",4,6,8,6,8,3,4,3,5,4,2,1,0,0,1
"Cloyne, Cork North Division",5,8,4,8,14,11,11,6,4,3,4,2,1,7,3
"Killeagh, Cork North Division",12,15,19,21,13,22,8,13,4,6,8,8,8,9,8
"Midleton, Cork North Division",63,49,64,108,102,101,77,76,63,40,56,44,45,40,56
"Whitegate, Cork North Division",2,2,2,6,7,5,11,7,2,4,0,0,6,1,3
"Youghal, Cork North Division",18,33,25,46,42,39,25,28,16,25,20,14,14,16,23
"Ballineen, Cork West Division",7,11,12,4,8,9,5,4,5,7,7,6,4,2,10
"Ballinhassig, Cork West Division",7,8,5,7,13,11,5,10,11,10,9,4,8,9,13
"Bandon, Cork West Division",43,45,41,82,72,71,61,29,26,25,33,25,26,30,27
"Innishannon, Cork West Division",6,5,17,11,6,10,4,5,8,9,12,7,6,11,9
"Kilbrittain, Cork West Division",1,1,1,0,4,1,1,1,1,2,2,4,1,0,0
"Kinsale, Cork West Division",33,22,26,50,44,42,35,32,21,24,22,22,19,19,25
"Timoleague, Cork West Division",2,3,0,3,3,11,6,3,5,5,11,3,3,1,7
"Ballydehob, Cork West Division",3,0,4,8,4,6,1,2,0,3,1,4,3,1,4
"Bantry, Cork West Division",15,18,13,28,27,35,15,27,13,15,14,15,19,15,16
"Castletownbere, Cork West Division",12,9,6,10,5,6,6,6,4,2,4,1,4,4,1
"Drimoleague, Cork West Division",3,2,1,9,9,6,6,4,1,3,2,0,4,2,6
"Durrus, Cork West Division",2,0,1,2,2,2,2,4,0,1,1,4,1,0,2
"Glengarriff, Cork West Division",1,4,2,1,3,2,3,4,1,2,4,2,3,2,1
"Kealkil, Cork West Division",1,3,2,3,2,5,2,0,4,0,3,1,2,0,0
"Schull, Cork West Division",4,2,0,7,4,7,4,5,0,5,2,4,4,4,3
"Baltimore, Cork West Division",0,0,0,1,0,3,1,1,1,2,0,2,1,0,1
"Clonakilty, Cork West Division",25,21,16,33,27,27,29,23,28,16,16,8,23,26,32
"Drinagh, Cork West Division",1,1,0,0,1,1,0,1,0,0,0,0,1,0,0
"Dunmanway, Cork West Division",10,13,14,16,11,19,14,10,11,7,4,6,7,7,7
"Rosscarbery, Cork West Division",7,4,4,13,12,14,8,4,2,4,5,3,2,1,5
"Skibbereen, Cork West Division",24,12,13,29,23,22,17,11,6,9,13,13,11,8,4
"Ballydesmond, Cork West Division",2,2,0,4,3,1,3,0,1,1,1,3,0,0,0
"Boherbue, Cork West Division",6,4,13,3,3,7,4,0,3,7,2,0,5,1,3
"Kanturk, Cork North Division",13,17,33,34,38,36,27,18,13,13,15,20,23,12,11
"Millstreet, Co. Cork, Cork West Division",9,7,4,13,16,5,7,9,10,8,9,2,4,7,5
"Newmarket, Cork North Division",9,14,16,18,10,18,14,11,2,6,6,1,1,4,7
"Rathmore, Co Kerry, Cork West Division",6,12,9,6,9,22,10,11,8,6,9,7,9,3,10
"BÈal aÅtha an Ghaorthaidh, Cork West Division",1,2,1,3,4,5,3,2,4,4,2,2,1,0,1
"Baile Bhuirne, Cork West Division",7,3,5,5,7,9,3,5,6,3,4,0,1,3,1
"Coachford, Cork West Division",2,4,13,10,12,9,5,9,5,10,9,6,4,12,6
"Crookstown, Cork West Division",8,15,12,15,6,13,1,11,4,6,5,5,7,10,11
"Macroom, Cork West Division",19,25,40,52,50,56,31,30,16,18,23,20,17,30,24
"Stuake, Cork West Division",4,9,0,8,6,4,4,5,6,6,7,2,4,2,1
"Tarelton, Cork West Division",1,4,4,5,4,9,3,4,2,2,1,3,3,5,0
"An Coirean, Kerry Division",7,10,9,13,3,4,10,6,5,3,2,2,4,2,4
"Barraduff, Kerry Division",8,7,5,4,4,6,2,2,2,1,2,0,2,0,1
"Caherciveen, Kerry Division",14,14,14,21,13,12,12,11,13,10,7,2,6,2,11
"Glenbeigh, Kerry Division",2,5,4,5,4,0,3,3,6,0,3,0,0,1,3
"Kenmare, Kerry Division",28,21,24,29,34,17,12,8,8,10,7,6,11,2,11
"Killarney, Kerry Division",143,115,102,162,113,127,71,90,95,67,65,57,56,88,68
"Killorglin, Kerry Division",18,29,16,14,22,31,13,6,12,9,10,12,10,14,16
"Portmagee, Kerry Division",4,2,2,3,5,5,1,0,3,2,3,1,0,1,1
"Sneem, Kerry Division",1,3,3,3,3,6,1,3,2,5,2,1,2,1,3
"Ballybunion, Kerry Division",15,28,15,19,8,12,17,15,10,5,12,7,5,8,9
"Ballyduff,  Co. Kerry, Kerry Division",4,3,7,4,7,7,3,9,2,3,5,5,5,3,4
"Ballyheigue, Kerry Division",3,3,4,3,4,4,3,5,5,3,2,2,0,4,1
"Knocknagoshel, Kerry Division",7,8,9,10,9,8,3,4,1,1,1,2,4,1,3
"Listowel, Kerry Division",40,46,35,48,53,53,52,51,32,33,26,27,33,24,39
"Lixnaw, Kerry Division",1,4,7,7,10,8,4,15,4,1,2,4,7,4,2
"Tarbert, Kerry Division",4,7,4,4,3,4,3,1,5,4,3,2,4,2,7
"Annascaul, Kerry Division",2,1,1,3,1,2,0,2,1,0,1,0,1,0,0
"Ardfert, Kerry Division",14,16,9,12,15,13,8,6,9,4,8,3,10,6,8
"Baile an FheirtÈaraigh, Kerry Division",2,0,3,5,0,3,0,0,3,2,3,1,2,0,2
"Castlegregory, Kerry Division",17,9,7,7,6,8,5,1,0,2,0,1,1,6,1
"Castleisland, Kerry Division",13,22,22,21,15,19,17,7,10,11,13,14,12,14,21
"Castlemaine, Kerry Division",5,13,9,13,11,8,2,2,4,3,4,3,3,5,2
"Dingle, Kerry Division",20,23,19,20,28,27,11,14,16,25,15,14,16,7,13
"Farranfore, Kerry Division",12,10,12,15,7,13,8,5,4,4,7,5,5,5,10
"Tralee, Kerry Division",142,131,180,218,171,174,147,160,97,121,112,124,118,101,91
"Ballylanders, Limerick Division",3,2,1,7,8,7,6,0,2,4,1,2,1,0,3
"Bruff, Limerick Division",8,11,14,14,16,11,4,8,6,4,3,1,5,4,6
"Bruree, Limerick Division",3,2,6,3,4,5,3,3,4,6,3,1,1,0,0
"Cappamore, Limerick Division",6,4,6,8,7,6,1,1,4,1,0,2,2,3,4
"Hospital Co Limerick, Limerick Division",1,4,8,12,9,5,4,1,5,3,1,2,2,3,3
"Kilmallock, Limerick Division",10,7,11,11,19,11,8,13,12,12,5,6,8,4,6
"Murroe, Limerick Division",1,0,4,6,1,5,1,4,2,3,2,2,1,3,3
"Oola, Limerick Division",1,1,6,8,5,1,0,2,1,0,0,0,0,1,1
"Pallasgreen, Limerick Division",3,4,2,6,8,5,5,2,7,5,1,3,4,1,4
"Ardnacrusha, Limerick Division",5,8,16,15,16,26,10,17,13,3,5,11,7,4,4
"Castleconnell, Limerick Division",12,17,20,15,21,16,12,10,6,10,11,6,10,16,9
"Henry Street, Limerick Division",172,198,206,249,269,274,219,164,131,123,103,104,126,144,108
"Mayorstone Park, Limerick Division",73,66,88,113,123,164,128,83,76,54,43,46,51,64,51
"Abbeyfeale, Limerick Division",14,12,19,26,15,16,12,20,6,6,7,9,9,6,10
"Adare, Limerick Division",6,11,14,16,13,11,12,6,4,6,5,4,7,7,8
"Askeaton, Limerick Division",5,10,9,7,10,6,6,2,6,6,0,1,2,1,1
"Athea, Limerick Division",4,1,6,5,1,3,4,3,1,0,0,1,0,4,0
"Ballingarry, Limerick Division",1,2,3,6,4,3,1,5,3,3,1,0,2,1,10
"Croom, Limerick Division",6,6,4,6,5,7,4,5,2,8,2,3,4,2,4
"Drumcollogher, Limerick Division",5,4,8,4,3,2,2,4,2,2,0,3,0,1,1
"Foynes, Limerick Division",4,7,17,12,14,6,4,5,1,5,3,2,4,6,2
"Glin, Limerick Division",1,2,2,5,2,0,1,0,1,0,2,2,4,1,6
"Newcastle West, Limerick Division",18,21,21,54,62,57,40,39,41,28,28,27,26,28,38
"Pallaskenry, Limerick Division",7,4,7,8,4,7,2,5,5,4,3,3,4,2,3
"Rathkeale, Limerick Division",7,28,23,20,34,24,16,12,10,11,14,15,7,6,3
"Ballyneety, Limerick Division",5,5,2,8,7,10,4,4,7,1,3,2,3,4,2
"Caherconlish, Limerick Division",5,8,7,8,3,10,7,4,4,4,3,1,0,3,3
"Patrickswell, Limerick Division",10,16,16,16,14,13,4,3,8,4,5,9,3,4,8
"Roxboro Road, Limerick Division",96,99,139,164,197,224,150,123,90,83,69,64,86,94,80
"Banagher, Offaly Division",9,8,12,9,11,6,4,7,3,3,6,4,6,2,2
"Birr,  Offaly Division",16,20,27,46,48,27,30,28,12,14,9,11,14,19,13
"Cloghan, Co. Offaly, Offaly Division",10,10,6,12,5,11,2,1,5,3,2,3,3,3,0
"Ferbane, Offaly Division",15,14,9,13,11,10,4,2,9,5,4,5,3,3,6
"Kilcormac, Offaly Division",3,2,5,5,12,8,1,6,3,0,1,0,1,3,2
"Kinnitty, Offaly Division",1,0,4,0,4,3,2,1,2,1,0,1,0,1,1
"Shinrone, Offaly Division",2,3,3,4,5,3,5,3,2,1,0,0,2,4,0
"Abbeyleix, Laois Division",23,24,35,38,32,37,21,23,5,6,11,11,8,7,9
"Arles, Laois Division",3,5,5,7,6,7,5,3,4,2,1,7,0,3,6
"Ballylinan, Laois Division",3,5,3,6,6,7,4,3,5,1,4,0,0,4,5
"Borris-In-Ossory, Laois Division",9,4,9,8,4,4,6,5,4,7,3,4,1,4,4
"Clonaslee, Laois Division",4,5,4,2,3,5,2,1,1,2,1,1,4,1,5
"Durrow, Laois Division",6,6,15,14,14,12,5,1,2,4,0,3,3,3,2
"Mountmellick, Laois Division",12,9,12,18,21,21,15,12,6,6,11,7,14,18,10
"Mountrath, Laois Division",14,8,18,13,21,19,9,5,6,15,3,10,6,6,5
"Portarlington, Laois Division",32,22,42,56,43,33,41,24,29,24,15,16,15,17,30
"Portlaoise, Laois Division",99,96,119,169,167,165,100,68,66,71,48,67,71,72,123
"Rathdowney, Laois Division",9,7,6,14,14,12,4,4,6,2,2,3,2,1,4
"Stradbally Co Laois, Laois Division",6,13,10,24,21,18,7,4,9,10,4,6,4,2,6
"Clara, Offaly Division",5,6,16,12,17,17,14,11,10,7,9,5,7,9,8
"Clonbologue, Offaly Division",3,0,2,1,1,2,1,1,0,0,0,0,3,1,1
"Daingean, Offaly Division",4,8,11,7,14,4,9,5,6,4,2,1,1,6,3
"Edenderry, Offaly Division",25,33,36,44,41,40,20,16,13,14,8,3,5,12,10
"Rhode, Offaly Division",3,2,5,7,10,2,3,1,3,4,1,1,3,3,2
"Tullamore, Offaly Division",61,80,141,143,143,116,59,82,73,64,43,34,38,47,58
"Ashbourne, Meath Division",42,76,82,94,124,107,76,62,48,33,35,21,34,39,60
"Duleek, Meath Division",5,10,8,11,15,10,14,11,13,12,8,7,7,5,9
"Dunboyne, Meath Division",30,19,29,29,49,35,27,22,30,28,14,14,18,10,21
"Dunshaughlin, Meath Division",21,18,17,39,36,30,24,18,15,25,23,12,12,14,22
"Laytown, Meath Division",36,42,47,65,60,45,53,53,37,19,11,22,14,14,15
"Baile AÅtha Bui, Meath Division",18,13,15,18,15,9,7,6,7,6,10,6,5,10,10
"Kells Ceanannus Mor, Meath Division",37,37,52,64,64,70,45,33,34,28,27,21,24,26,18
"Oldcastle, Meath Division",13,3,19,15,20,17,12,11,9,3,5,8,3,5,7
"Navan, Meath Division",92,108,116,138,154,199,177,111,82,58,89,77,86,117,100
"Nobber, Meath Division",5,5,5,7,8,5,6,5,10,6,6,9,2,10,6
"Slane, Meath Division",7,5,10,10,11,5,11,6,5,2,2,7,3,6,6
"Ballivor, Meath Division",10,8,6,4,14,5,5,0,1,4,2,0,2,1,1
"Enfield, Meath Division",23,32,22,20,28,12,15,3,11,6,4,8,3,4,4
"Longwood, Meath Division",0,3,1,2,4,7,4,2,6,3,3,1,2,2,1
"Summerhill, Meath Division",3,16,11,21,13,17,10,9,9,7,4,1,8,5,3
"Trim, Meath Division",30,54,64,77,69,70,70,52,19,35,26,14,17,17,20
"Glasson, Westmeath Division",1,1,2,7,8,4,6,4,4,3,4,1,4,2,3
"Baltinglass, Wicklow Division",15,17,16,26,33,21,23,22,27,6,4,1,3,7,5
"Blessington, Wicklow Division",16,34,29,31,30,30,42,40,21,19,12,11,14,7,14
"Carnew, Wicklow Division",0,3,5,14,14,6,6,4,1,1,0,0,2,1,0
"Dunlavin, Wicklow Division",5,5,5,5,4,8,13,1,4,2,2,0,3,2,1
"Shillelagh, Wicklow Division",3,5,0,9,7,1,2,2,3,4,3,2,2,1,2
"Tinahely, Wicklow Division",3,4,2,14,9,6,8,5,3,2,2,0,0,0,1
"Bray, Wicklow Division",71,47,81,130,146,137,130,96,59,62,58,50,52,70,58
"Enniskerry, Wicklow Division",1,9,7,3,4,7,5,5,3,3,2,1,0,2,5
"Greystones, Wicklow Division",20,24,24,30,56,60,36,33,24,19,21,12,14,12,9
"Newtownmountkennedy, Wicklow Division",11,12,12,6,16,32,14,9,7,7,5,3,8,2,11
"Arklow, Wicklow Division",60,45,57,78,94,59,50,40,38,23,26,31,38,45,26
"Ashford, Wicklow Division",39,23,27,26,49,37,36,12,21,13,11,11,16,13,7
"Aughrim, Wicklow Division",1,4,2,2,3,4,1,3,2,2,2,2,2,0,4
"Avoca, Wicklow Division",3,5,8,4,15,12,7,5,1,0,0,1,1,1,1
"Rathdrum, Wicklow Division",8,9,10,19,29,18,18,13,4,4,5,2,2,3,4
"Roundwood, Wicklow Division",9,4,2,5,24,9,5,4,5,2,1,0,2,5,4
"Wicklow, Wicklow Division",50,80,88,69,123,73,57,35,24,26,31,23,25,29,16
"Athlone, Westmeath Division",48,68,100,167,188,175,122,76,58,56,41,38,37,63,58
"Ballymore, Westmeath Division",2,1,1,2,1,5,6,0,2,1,2,2,0,1,0
"Kilbeggan, Westmeath Division",3,5,6,9,15,12,14,7,12,11,7,3,4,6,7
"Moate, Westmeath Division",6,9,18,20,22,22,31,10,12,10,5,4,6,3,10
"Ballynacargy, Westmeath Division",7,6,3,9,4,5,3,3,1,8,6,1,4,3,3
"Castlepollard, Westmeath Division",6,7,4,9,8,18,8,7,9,4,5,2,0,0,1
"Delvin, Westmeath Division",10,5,8,11,29,14,12,15,13,8,6,3,5,7,5
"Killucan, Westmeath Division",3,4,8,11,9,5,8,2,4,4,4,7,5,3,3
"Kinnegad, Westmeath Division",11,19,21,22,28,20,14,15,15,8,5,16,17,9,12
"Mullingar, Westmeath Division",87,109,170,242,249,200,149,111,84,106,83,93,99,107,137
"Multyfarnham, Westmeath Division",2,5,1,5,3,4,1,6,7,4,2,2,6,8,9
"Rochfortbridge, Westmeath Division",9,8,5,14,10,11,7,4,4,5,9,11,10,7,6
"Athy, Kildare Division",47,44,52,61,75,47,45,44,32,33,38,16,19,21,55
"Castledermot, Kildare Division",16,13,8,13,26,15,11,4,3,5,1,3,3,4,10
"Kildare, Kildare Division",32,37,54,48,64,64,48,30,32,29,11,16,19,17,17
"Monasterevin, Kildare Division",12,10,10,11,13,16,11,7,6,12,6,8,6,8,5
"Newbridge, Kildare Division",85,93,105,91,118,120,66,49,46,29,31,31,27,34,39
"Rathangan, Kildare Division",1,3,4,7,18,7,7,1,0,1,1,5,3,0,5
"Carbury, Kildare Division",1,1,6,13,14,11,13,10,9,9,9,9,9,11,9
"Celbridge, Kildare Division",27,24,24,31,43,42,32,27,24,20,26,17,16,15,37
"Kilcock, Kildare Division",7,6,7,17,15,13,21,15,18,9,11,18,15,12,10
"Leixlip, Kildare Division",23,33,25,31,42,39,20,19,15,7,20,9,7,14,11
"Maynooth, Kildare Division",23,29,36,48,40,62,37,42,28,46,33,27,27,37,24
"Clane, Kildare Division",26,44,35,52,39,47,22,25,16,24,25,14,19,17,28
"Kilcullen, Kildare Division",19,20,13,31,23,35,18,12,11,12,9,10,13,13,12
"Naas, Kildare Division",142,186,159,195,196,178,143,106,96,101,109,86,82,95,116
"Robertstown, Kildare Division",17,8,9,20,14,22,17,13,6,6,6,3,5,10,6
"Ardfinnan, Tipperary Division",4,9,7,2,4,11,15,2,1,2,1,5,3,1,3
"Ballyporeen, Tipperary Division",2,0,2,4,1,4,8,6,3,1,3,2,0,1,1
"Cahir, Tipperary Division",21,20,26,47,59,83,61,43,24,19,21,25,23,31,49
"Cashel, Tipperary Division",23,25,28,39,44,43,44,27,25,11,14,26,22,22,30
"Clogheen, Co. Tipperary, Tipperary Division",0,6,3,2,4,3,0,2,3,2,1,2,1,5,5
"Carrick-On-Suir, Tipperary Division",24,31,17,36,47,36,21,17,26,22,16,11,9,6,19
"Carrig na Bhfear, Cork City Division",2,3,2,4,5,8,5,6,5,2,3,2,2,0,2
"Clonmel, Tipperary Division",77,104,86,97,138,105,94,97,60,47,56,65,51,46,72
"Fethard, Tipperary Division",8,4,7,13,16,11,8,7,13,6,11,8,9,4,8
"Kilsheelan, Tipperary Division",0,3,1,3,9,9,2,2,4,2,0,0,0,1,0
"Mullinahone, Tipperary Division",3,5,6,1,6,1,0,1,1,1,2,0,1,4,7
"Ballingarry North, Tipperary Division",0,0,0,0,1,1,1,0,0,2,0,1,0,1,0
"Borrisokane, Tipperary Division",6,7,4,6,7,8,9,7,6,3,3,7,2,1,6
"Cloughjordan, Tipperary Division",1,0,2,2,0,3,0,0,0,0,0,1,0,1,2
"Dolla, Tipperary Division",3,1,1,5,1,4,4,2,0,0,0,1,2,0,1
"Lorrha, Tipperary Division",2,2,3,3,4,5,0,0,0,0,0,0,0,0,1
"Nenagh, Tipperary Division",63,72,85,84,100,111,84,61,49,47,48,39,50,33,50
"Newport, Co Tipperary, Tipperary Division",8,4,1,12,14,18,12,12,7,10,7,13,5,6,6
"Portroe, Tipperary Division",3,0,3,6,5,5,0,2,1,0,1,0,1,1,0
"Toomevara, Tipperary Division",6,2,3,9,7,6,4,1,1,1,0,2,2,1,0
"Borrisoleigh, Tipperary Division",6,3,3,9,10,12,6,6,3,4,9,0,9,4,3
"Moneygall, Tipperary Division",5,5,5,5,5,6,2,3,3,0,4,2,6,3,2
"Moyne, Tipperary Division",0,0,1,0,1,3,0,3,2,0,0,0,0,6,1
"Roscrea, Tipperary Division",28,18,24,35,53,48,34,26,19,12,8,18,15,10,20
"Shevry, Tipperary Division",1,1,1,1,1,3,2,0,2,0,0,5,3,0,3
"Templederry, Tipperary Division",0,2,0,0,0,0,1,1,1,1,0,0,0,0,0
"Templemore, Tipperary Division",14,15,23,26,18,22,17,5,14,9,2,6,5,5,14
"Templetuohy, Tipperary Division",2,3,1,4,4,1,2,1,1,2,0,0,4,3,1
"Ballingarry South, Tipperary Division",4,2,3,7,4,3,2,3,3,2,1,4,2,0,5
"Holycross, Tipperary Division",6,5,5,9,8,6,6,8,6,3,1,7,4,3,1
"Killenaule, Tipperary Division",11,11,7,9,8,6,9,13,8,3,5,1,5,7,4
"Littleton, Tipperary Division",4,3,6,6,13,7,9,3,2,5,3,1,2,6,5
"Thurles, Tipperary Division",55,48,60,83,96,100,96,74,54,37,47,50,55,51,61
"Bansha, Tipperary Division",4,3,2,6,4,3,1,4,3,4,1,4,1,0,1
"Cappawhite, Tipperary Division",8,7,9,25,18,21,10,11,6,3,2,5,2,2,4
"Emly, Tipperary Division",0,1,1,3,3,2,1,0,1,3,2,3,1,3,4
"Golden, Tipperary Division",6,4,2,3,2,7,4,2,1,3,3,3,1,2,1
"Tipperary, Tipperary Division",20,27,32,44,71,63,37,43,37,40,43,33,24,29,33
"Blackwater, Wexford Division",7,7,5,8,11,9,11,3,7,7,10,7,4,3,3
"Clonroche, Wexford Division",3,3,3,6,17,8,7,2,2,2,1,2,6,6,2
"Enniscorthy, Wexford Division",41,53,73,104,123,100,88,43,51,60,41,35,27,25,34
"Ferns, Wexford Division",5,8,12,9,6,9,14,6,5,7,3,0,2,4,3
"Oulart, Wexford Division",6,9,5,7,7,4,4,8,4,8,2,3,2,3,2
"Oylegate, Wexford Division",3,14,7,20,13,11,4,5,8,4,7,1,1,2,9
"Bunclody, Wexford Division",10,10,21,28,30,11,11,8,13,6,6,10,8,4,5
"Courtown Harbour, Wexford Division",11,9,18,37,28,28,17,22,17,24,15,11,17,13,13
"Gorey, Wexford Division",50,58,93,130,99,103,93,71,43,43,35,35,40,53,46
"Ballycullane, Wexford Division",0,6,7,8,0,7,7,2,2,2,2,3,2,3,2
"Campile, Wexford Division",3,7,3,6,4,2,4,2,5,4,2,3,1,5,2
"Carrickbyrne, Wexford Division",3,4,6,13,15,15,17,17,8,7,6,6,1,5,7
"Carrick-on-Bannow, Wexford Division",5,13,18,27,13,6,7,5,8,4,4,1,0,1,9
"Duncannon, Wexford Division",1,7,2,7,4,10,3,7,11,2,4,8,4,3,1
"New Ross, Wexford Division",51,36,41,79,59,65,59,37,45,38,39,33,25,46,62
"Castlebridge, Wexford Division",4,8,6,12,9,8,10,6,5,9,4,10,10,6,5
"Glynn, Wexford Division",5,8,3,10,12,3,3,1,2,3,0,2,2,1,0
"Kilmore Quay, Wexford Division",4,13,8,13,14,10,6,8,8,12,4,3,5,4,2
"Rosslare Harbour, Wexford Division",10,5,10,14,14,11,8,7,4,15,5,2,4,6,5
"Rosslare Strand, Wexford Division",11,9,5,7,10,11,9,7,3,3,3,3,1,7,6
"Taghmon, Wexford Division",11,10,23,12,21,16,14,10,7,5,5,3,7,4,8
"Wexford, Wexford Division",125,159,137,183,197,160,107,78,71,71,29,46,52,58,74
"Ballon, Carlow Division",4,2,7,10,4,7,5,5,6,2,2,2,2,4,5
"Borris, Carlow Division",10,8,4,9,7,10,5,2,2,1,0,1,0,2,3
"Carlow, Carlow Division",125,161,160,176,226,142,137,99,84,80,70,77,64,59,82
"Hacketstown, Carlow Division",2,1,0,9,7,3,1,0,0,2,1,0,1,1,2
"Muine Bheag, Carlow Division",9,17,17,21,31,15,18,8,5,16,7,5,6,8,11
"Myshall, Carlow Division",2,2,4,3,0,9,7,1,1,5,0,0,0,0,1
"Rathvilly, Carlow Division",2,3,1,6,4,4,2,1,7,0,2,0,2,0,0
"Tullow, Carlow Division",11,6,9,25,24,12,31,14,16,19,12,9,8,2,19
"Callan, Kilkenny Division",15,10,12,9,13,10,9,8,3,4,3,1,3,1,3
"Castlecomer, Kilkenny Division",33,17,14,18,25,19,22,11,6,11,9,2,7,10,6
"Freshford, Kilkenny Division",7,3,2,2,3,1,6,3,3,3,1,2,4,1,4
"Kilkenny, Kilkenny Division",138,165,118,158,205,200,183,122,95,147,86,89,86,97,87
"Urlingford, Kilkenny Division",11,8,6,15,17,16,5,12,3,9,1,2,2,5,6
"Ballyhale, Kilkenny Division",7,8,2,3,5,4,9,4,2,3,5,1,4,3,0
"Bennettsbridge, Kilkenny Division",8,8,7,4,5,4,3,10,5,3,5,5,5,6,4
"Glenmore, Kilkenny Division",1,1,3,6,2,2,5,4,3,3,5,0,6,5,0
"Goresbridge, Kilkenny Division",13,10,4,11,3,4,9,4,4,9,4,3,3,7,6
"Graiguenamanagh, Kilkenny Division",10,4,11,22,13,16,5,8,4,7,7,2,4,0,3
"Kilmacow, Kilkenny Division",2,7,9,6,4,4,3,5,9,3,2,3,2,3,4
"Kilmoganny, Kilkenny Division",4,0,1,4,1,1,0,0,2,1,1,1,0,2,1
"Mooncoin, Kilkenny Division",3,3,4,3,8,7,7,10,5,6,7,2,2,4,3
"Mullinavat, Kilkenny Division",1,3,2,3,9,7,8,7,3,1,0,0,1,5,0
"Piltown, Kilkenny Division",4,4,1,5,3,9,4,4,2,4,8,8,2,5,5
"Stoneyford, Kilkenny Division",4,8,1,2,6,2,3,4,4,2,2,3,2,4,2
"Thomastown, Kilkenny Division",6,12,13,13,21,18,10,7,18,9,7,7,7,5,4
"Aglish, Waterford Division",5,1,0,0,3,3,1,0,2,2,6,4,1,1,0
"An Rinn, Waterford Division",5,4,7,2,3,5,3,3,2,2,1,3,2,0,2
"Ardmore, Waterford Division",5,3,2,1,3,2,3,2,2,1,2,0,5,4,5
"Ballymacarberry, Waterford Division",5,2,5,4,2,6,0,0,1,0,6,5,0,2,2
"Cappoquin, Waterford Division",8,4,6,7,8,8,3,3,4,4,6,2,3,5,1
"Dungarvan, Waterford Division",98,80,81,89,102,83,62,44,41,39,38,32,40,39,33
"Lismore, Waterford Division",4,3,8,7,5,11,9,6,1,3,4,3,1,2,6
"Tallow, Waterford Division",7,5,3,5,11,7,2,3,3,2,3,1,3,5,5
"Kill, Co Waterford, Waterford Division",3,5,1,3,4,2,2,1,5,0,2,0,4,3,1
"Kilmacthomas, Waterford Division",2,8,8,11,7,15,5,5,5,6,5,5,3,6,7
"Kilmeaden, Waterford Division",7,14,7,11,7,7,7,7,5,6,5,5,4,2,4
"Leamybrien, Waterford Division",2,4,3,7,6,3,4,9,3,4,3,6,1,4,3
"Portlaw, Waterford Division",1,3,5,13,8,9,9,2,2,4,5,1,4,2,4
"Rathgormack, Co Waterford, Waterford Division",4,1,3,5,5,2,0,2,0,1,1,0,0,0,0
"Tramore, Waterford Division",55,60,69,91,57,46,49,26,37,20,19,25,20,29,30
"Dunmore East, Waterford Division",9,8,11,7,16,6,7,8,5,9,8,4,4,4,6
"Ferrybank, Waterford Division",19,18,29,23,31,26,28,14,18,27,18,20,12,17,21
"Passage East, Waterford Division",4,6,2,3,7,4,1,2,3,2,1,5,1,0,1
"Waterford, Waterford Division",235,229,201,250,262,249,199,169,123,147,96,112,102,136,126
"Donnybrook, D.M.R. South Central Division",87,115,105,119,133,123,78,48,52,56,34,29,27,33,20
"Irishtown, D.M.R. South Central Division",37,36,50,54,74,42,37,17,25,16,18,9,11,7,22
"Pearse Street, D.M.R. South Central Division",171,169,213,224,241,148,133,103,87,83,49,53,54,43,65
"Kevin Street, D.M.R. South Central Division",84,90,139,140,181,209,138,89,60,57,45,41,47,45,50
"Kilmainham, D.M.R. South Central Division",99,104,141,148,150,151,121,92,97,71,54,34,44,41,32
"Bridewell Dublin, D.M.R. North Central Division",113,109,101,167,152,146,97,68,54,79,46,42,45,50,34
"Fitzgibbon Street, D.M.R. North Central Division",80,71,56,91,95,115,98,70,47,36,36,28,46,44,39
"Mountjoy, D.M.R. North Central Division",71,70,67,74,89,127,86,79,48,53,42,50,40,50,40
"Store Street, D.M.R. North Central Division",127,126,159,159,196,220,143,104,74,73,67,61,47,72,89
"Balbriggan, D.M.R. Northern Division",53,61,70,82,124,103,89,79,69,66,50,52,43,42,51
"Garristown, D.M.R. Northern Division",4,3,4,2,6,3,3,8,5,2,4,0,5,3,2
"Lusk, D.M.R. Northern Division",28,44,59,70,61,69,58,43,48,34,25,22,16,26,19
"Skerries, D.M.R. Northern Division",19,24,27,42,23,22,24,18,16,11,10,11,7,12,8
"Ballymun, D.M.R. Northern Division",64,90,116,113,137,133,95,77,48,51,59,41,31,50,43
"Dublin Airport, D.M.R. Northern Division",12,21,25,26,33,49,35,9,8,14,6,10,6,9,9
"Santry, D.M.R. Northern Division",116,122,140,182,216,221,158,100,107,72,67,52,53,54,33
"Coolock, D.M.R. Northern Division",102,98,104,121,183,233,264,154,112,90,85,77,66,62,47
"Malahide, D.M.R. Northern Division",36,37,29,29,52,55,42,37,26,25,14,17,16,15,10
"Swords, D.M.R. Northern Division",84,88,111,204,263,240,174,129,89,79,66,78,64,68,76
"Clontarf, D.M.R. Northern Division",84,58,78,90,95,97,116,62,45,58,40,35,35,37,42
"Howth, D.M.R. Northern Division",47,29,24,39,40,49,48,31,34,24,18,23,17,23,27
"Raheny, D.M.R. Northern Division",47,40,49,44,50,71,47,50,30,35,28,26,28,24,29
"Crumlin, D.M.R. Southern Division",53,45,66,90,110,95,79,45,41,27,30,26,33,25,15
"Sundrive Road, D.M.R. Southern Division",75,81,82,101,111,109,75,59,37,36,18,29,14,27,45
"Rathfarnham, D.M.R. Southern Division",115,108,144,130,158,145,98,71,65,67,65,65,37,41,29
"Tallaght, D.M.R. Southern Division",200,230,315,430,397,335,297,239,190,151,131,119,112,117,140
"Rathmines, D.M.R. Southern Division",42,42,80,60,68,75,55,45,37,28,21,19,22,24,24
"Terenure, D.M.R. Southern Division",67,85,95,132,89,99,84,51,62,70,51,34,20,29,25
"Blackrock, Co Dublin, D.M.R. Eastern Division",64,45,52,61,63,58,61,54,46,39,36,35,26,31,31
"Dundrum, D.M.R. Eastern Division",53,39,81,68,125,114,94,104,97,93,66,49,46,36,56
"Cabinteely, D.M.R. Eastern Division",43,38,35,37,66,42,51,37,34,27,19,27,30,31,29
"Dun Laoghaire, D.M.R. Eastern Division",48,59,69,88,100,95,77,68,53,40,30,28,31,15,27
"Shankill, D.M.R. Eastern Division",36,39,38,51,59,48,49,44,35,35,18,18,25,22,36
"Blanchardstown, D.M.R. Western Division",185,239,346,448,611,463,346,240,201,171,123,119,116,163,150
"Cabra, D.M.R. Western Division",36,48,65,63,88,100,69,52,40,27,15,19,19,12,27
"Finglas, D.M.R. Western Division",68,68,92,119,164,198,151,121,85,92,70,79,58,74,62
"Ballyfermot, D.M.R. Western Division",64,66,72,103,169,189,152,119,87,88,49,61,61,52,54
"Clondalkin, D.M.R. Western Division",70,81,81,128,173,190,177,164,108,124,109,80,76,60,63
"Rathcoole, D.M.R. Western Division",20,26,37,37,62,51,35,51,38,34,14,13,15,11,17
"Lucan, D.M.R. Western Division",90,78,111,148,167,148,116,86,70,51,40,47,50,38,51
"Ronanstown, D.M.R. Western Division",43,54,85,101,174,131,143,91,77,65,52,44,30,33,64
